casilla_id,distrito_fed_17,distrito_fed_12,distrito_loc_17,distrito_loc_12,are,seccion,casilla,tipo_seccion,pri_pvem,pan_na,prd,pt,mc,otros,total,ln,tamano_md,tamano_gd,region,casilla_ex,rural,ln_total
184,4,1,1,1,1-81,2387,B-C,U,170,149,12,3,1,10,345,503,1,0,1,0,0,503
424,1,1,2,2,1-48,2548,B-C,U,175,141,17,8,10,22,373,608,1,0,2,0,0,608
83,4,1,1,1,1-101,1897,B-C,U,170,241,21,0,0,16,448,619,1,0,1,0,0,619
165,4,1,1,1,1-87,2379,B-C,U,157,158,18,4,2,12,351,578,1,0,1,0,0,578
167,4,1,1,1,1-87,2380,B-C,U,223,127,9,2,0,15,376,629,1,0,1,0,0,629
213,4,1,1,1,1-69,2401,B-C,M,116,157,3,3,0,12,291,526,1,0,1,0,0,526
155,4,1,1,1,1-85,2375,B-C,U,239,118,12,1,3,23,396,685,1,0,1,0,0,685
92,4,1,1,1,1-103,1902,B-C,M,26,78,5,0,0,4,113,134,0,0,1,0,0,134
504,1,1,2,2,1-36,2587,B-C,U,131,117,17,3,4,23,295,637,1,0,2,0,0,637
102,4,1,1,1,1-102,1908,B-C,U,46,237,124,1,0,22,430,724,0,0,1,0,0,724
180,4,1,1,1,1-88,2385,B-C,U,212,122,13,0,1,18,366,614,1,0,1,0,0,614
428,1,1,2,2,1-48,2549,B-C,U,133,144,8,2,8,21,316,596,1,0,2,0,0,596
257,4,1,1,1,1-77,2425,B-C,R,151,73,10,4,3,15,256,475,0,0,1,0,1,475
489,1,1,2,2,1-40,2581,B-C,R,80,261,16,6,4,18,385,661,1,0,2,0,1,661
96,4,1,1,1,1-103,1905,B-C,R,122,127,35,1,0,11,296,471,0,0,1,0,1,471
614,1,1,2,2,1-16,2945,B-C,R,119,115,3,0,0,0,237,330,0,0,2,0,1,330
152,4,1,1,1,1-66,2373,B-C,R,102,135,6,3,0,11,257,522,1,0,1,0,1,522
494,1,1,2,2,1-42,2584,B-C,R,99,155,11,3,2,22,292,542,1,0,2,0,1,542
6038,10,10,20,20,10-70,2803,B-C,U,112,211,11,5,1,14,354,544,1,0,2,0,0,544
6394,10,10,20,21,10-32,2315,B-C,U,92,320,6,3,1,10,432,714,1,0,2,0,0,714
6322,10,10,20,21,10-18,2274,B-C,U,155,230,27,9,0,0,421,636,1,0,2,0,0,636
6167,10,10,20,20,10-99,3000,B-C,M,121,224,14,2,2,17,380,744,1,0,2,0,0,744
6342,10,10,20,21,10-22,2285,B-C,M,123,248,16,5,1,14,407,647,1,0,2,0,0,647
5293,14,10,15,17,10-56,2763,B-C,R,162,163,13,2,0,10,350,620,1,0,2,0,1,620
6173,10,10,20,20,10-97,3002,B-C,R,85,84,14,8,0,21,212,432,0,0,2,0,1,432
6132,10,10,20,20,10-95,2981,B-C,R,89,73,14,9,2,14,201,381,0,0,2,0,1,381
6443,10,10,20,21,10-42,2341,B-C,R,53,148,6,0,0,7,214,425,0,0,2,0,1,425
5433,7,11,18,18,11-40,1918,B-C,U,124,167,6,2,0,0,299,446,0,0,1,0,0,446
5538,7,11,18,18,11-11,1974,B-C,M,134,146,12,7,2,15,316,606,1,0,1,0,0,606
5455,7,11,18,18,11-39,1928,B-C,U,195,160,5,0,0,11,371,568,1,0,1,0,0,568
5380,13,11,10,18,11-89,717,B-C,U,91,103,40,3,0,10,247,424,0,0,1,0,0,424
3830,13,11,18,13,11-63,11,B-C,U,190,279,10,1,1,8,489,682,1,0,1,0,0,682
5407,13,11,10,18,11-83,733,B-C,R,49,110,112,1,1,25,298,450,0,0,1,0,1,450
3887,13,11,18,13,11-66,38,B-C,R,125,332,11,2,2,11,483,705,1,0,1,0,1,705
5337,7,11,10,18,11-102,577,B-C,R,223,80,4,24,0,17,348,746,0,0,1,0,1,746
3880,13,11,18,13,11-67,35,B-C,R,69,188,5,1,0,6,269,448,0,0,1,0,1,448
5658,13,11,18,19,11-51,925,B-C,R,172,152,80,8,0,18,430,674,1,0,1,0,1,674
3869,13,11,18,13,11-71,29,B-C,R,68,195,2,3,0,0,268,472,0,0,1,0,1,472
5504,7,11,18,18,11-4,1959,B-C,R,115,73,7,4,0,10,209,444,0,0,1,0,1,444
5582,7,11,18,18,11-6,1996,B-C,R,73,180,40,9,0,28,330,703,1,0,1,0,1,703
5659,13,11,18,19,11-53,926,B-C,R,62,76,72,59,9,23,301,501,0,0,1,0,1,501
4463,12,12,15,15,12-55,414,B-C,U,130,192,24,10,5,18,379,502,1,0,2,0,0,502
4471,12,12,15,15,12-3,431,B-C,U,137,186,15,5,7,13,363,517,1,0,2,0,0,517
4449,12,12,15,15,12-52,412,B-C,U,176,270,28,6,4,10,494,694,0,1,2,0,0,694
4971,12,12,15,16,12-81,557,B-C,U,88,148,4,2,0,6,248,425,0,0,2,0,0,425
4742,12,12,16,16,12-21,356,B-C,U,172,202,13,5,2,0,394,653,1,0,2,0,0,653
4729,12,12,16,16,12-32,351,B-C,U,165,172,25,9,5,17,393,535,1,0,2,0,0,535
4899,2,12,16,16,12-70,505,B-C,M,98,247,16,1,17,13,392,658,1,0,2,0,0,658
4426,12,12,15,15,12-50,384,B-C,U,139,193,26,10,3,20,391,566,1,0,2,0,0,566
4918,2,12,16,16,12-73,518,B-C,U,176,173,65,5,2,20,441,745,1,0,2,0,0,745
4886,2,12,16,16,12-65,500,B-C,U,125,248,7,2,2,5,389,649,1,0,2,0,0,649
4902,2,12,16,16,12-66,506,B-C,U,94,160,15,2,4,9,284,521,1,0,2,0,0,521
4978,12,12,15,16,12-83,560,B-C,U,75,138,5,4,3,6,231,379,0,0,2,0,0,379
4807,12,12,16,16,12-19,427,B-C,U,86,109,15,3,7,10,230,388,0,0,2,0,0,388
4566,2,12,16,15,12-60,525,B-C,R,96,170,3,2,0,7,278,450,0,0,2,0,1,450
4549,2,12,16,15,12-58,498,B-C,R,191,169,21,13,0,18,412,614,1,0,2,0,1,614
4939,12,12,15,16,12-76,533,B-C,R,179,91,9,2,2,5,288,495,0,0,2,0,1,495
4881,2,12,16,16,12-70,496,B-C,R,294,132,3,8,4,13,454,700,0,0,2,0,1,700
4583,12,12,15,15,12-56,531,B-C,R,163,221,29,7,2,15,437,745,1,0,2,0,1,745
4500,12,13,15,15,13-6,468,B-C,U,126,193,18,8,3,10,358,532,1,0,2,0,0,532
5862,13,13,19,19,13-88,2873,B-C,U,21,78,111,92,5,25,332,516,1,0,2,0,0,516
5715,13,13,19,19,13-55,2816,E,U,88,269,37,7,8,11,420,686,1,0,2,1,0,686
4980,12,13,15,16,13-19,564,B-C,M,103,279,6,3,1,14,406,742,0,0,2,0,0,742
5837,13,13,19,19,13-81,2864,B-C,U,28,99,155,5,0,24,311,555,1,0,2,0,0,555
4543,12,13,15,15,13-13,491,B-C,U,163,146,12,9,3,12,345,580,1,0,2,0,0,580
5672,13,13,19,19,13-44,1182,B-C,U,200,210,18,7,6,9,450,639,1,0,2,0,0,639
5716,13,13,19,19,13-55,2816,B-C,U,80,237,47,4,9,9,386,686,1,0,2,0,0,686
6294,10,13,19,21,13-43,713,B-C,U,57,133,24,3,1,24,242,535,1,0,2,0,0,535
5730,13,13,19,19,13-58,2822,B-C,U,65,158,45,4,2,10,284,435,0,0,2,0,0,435
6239,10,13,19,21,13-31,688,B-C,U,140,178,28,5,0,8,359,635,1,0,2,0,0,635
5747,13,13,19,19,13-61,2829,B-C,U,98,214,62,2,3,18,397,662,1,0,2,0,0,662
6208,10,13,19,21,13-25,675,B-C,U,116,131,15,5,1,6,274,388,0,0,2,0,0,388
6248,10,13,19,21,13-33,691,B-C,U,126,156,26,1,0,11,320,574,1,0,2,0,0,574
4478,12,13,15,15,13-1,436,B-C,U,148,227,33,8,5,12,433,584,1,0,2,0,0,584
4519,12,13,15,15,13-9,480,B-C,U,154,135,13,3,4,16,325,649,1,0,2,0,0,649
4871,12,13,15,16,13-10,483,B-C,U,167,217,12,3,2,10,411,651,1,0,2,0,0,651
5765,13,13,19,19,13-65,2838,B-C,U,45,180,39,12,2,18,296,515,1,0,2,0,0,515
5905,13,13,19,19,13-93,2888,B-C,M,115,64,111,1,1,12,304,413,1,0,2,0,0,413
5671,13,13,19,19,13-44,1182,B-C,U,183,224,19,1,8,15,450,639,1,0,2,0,0,639
5825,13,13,19,19,13-80,2860,E,M,50,202,75,1,6,20,354,546,1,0,2,1,0,546
6286,10,13,19,21,13-41,708,B-C,R,110,162,6,3,1,14,296,552,1,0,2,0,1,552
5869,13,13,19,19,13-90,2875,B-C,R,16,158,64,3,1,21,263,422,1,0,2,0,1,422
5821,13,13,19,19,13-78,2859,B-C,R,46,116,63,1,1,187,414,415,0,0,2,0,1,415
6287,10,13,19,21,13-39,709,B-C,R,89,222,7,2,1,11,332,628,0,0,2,0,1,628
5848,13,13,19,19,13-84,2869,B-C,R,53,101,69,2,1,22,248,409,1,0,2,0,1,409
6276,10,13,19,21,13-38,703,B-C,R,70,133,11,2,1,11,228,452,0,0,2,0,1,452
5696,13,13,19,19,13-51,1193,B-C,R,50,178,9,2,5,6,250,474,0,0,2,0,1,474
4991,14,14,22,17,14-38,247,B-C,U,68,116,12,2,98,29,325,529,1,0,2,0,0,529
5081,14,14,9,17,14-55,292,B-C,U,150,208,30,13,6,16,423,675,1,0,2,0,0,675
5087,14,14,9,17,14-56,294,B-C,U,154,150,26,5,3,14,352,641,1,0,2,0,0,641
6457,14,14,22,22,14-2,53,B-C,U,75,152,18,4,6,10,265,430,0,0,2,0,0,430
6479,14,14,22,22,14-6,65,B-C,M,107,118,46,8,5,21,305,563,1,0,2,0,0,563
6619,14,14,22,22,14-33,137,B-C,U,47,147,69,0,0,12,275,555,1,0,2,0,0,555
5073,14,14,9,17,14-54,290,B-C,U,109,187,34,4,2,8,344,544,1,0,2,0,0,544
5016,14,14,22,17,14-42,257,B-C,U,64,110,9,118,100,22,423,507,1,0,2,0,0,507
6559,14,14,22,22,14-26,103,B-C,M,29,120,39,1,1,32,222,489,0,0,2,0,0,489
6504,14,14,22,22,14-11,77,B-C,U,98,168,36,8,6,31,347,670,1,0,2,0,0,670
6556,14,14,22,22,14-26,102,B-C,U,38,147,43,10,2,14,254,552,1,0,2,0,0,552
6677,14,14,22,22,14-83,1224,B-C,R,32,62,37,1,1,23,156,404,0,0,2,0,1,404
6700,14,14,22,22,14-91,1241,B-C,R,90,99,46,3,3,28,269,601,1,0,2,0,1,601
5113,14,14,9,17,14-63,306,B-C,R,143,117,19,1,1,14,295,500,0,0,2,0,1,500
5051,14,14,22,17,14-49,278,B-C,R,90,127,2,3,32,12,266,584,0,0,2,0,1,584
6635,14,14,22,22,14-76,656,B-C,R,76,102,28,4,2,12,224,377,0,0,2,0,1,377
6623,14,14,22,22,14-35,139,B-C,R,56,158,118,5,1,16,354,636,0,0,2,0,1,636
5140,14,14,9,17,14-68,319,B-C,R,125,220,19,4,3,20,391,657,1,0,2,0,1,657
5153,14,14,9,17,14-71,325,B-C,R,106,68,4,2,2,1,183,387,0,0,2,0,1,387
340,2,2,2,2,2-79,2510,B-C,U,196,125,47,7,2,13,390,612,1,0,2,0,0,612
5188,2,2,17,17,2-50,617,B-C,U,150,245,22,4,11,7,439,651,1,0,2,0,0,651
5246,2,2,17,17,2-65,645,B-C,U,82,295,36,4,1,23,441,742,1,0,2,0,0,742
2552,2,2,9,9,2-8,152,B-C,U,95,130,9,1,3,11,249,391,0,0,2,0,0,391
341,2,2,2,2,2-79,2510,B-C,U,195,143,59,9,1,15,422,611,1,0,2,0,0,611
2581,2,2,9,9,2-10,163,B-C,U,106,106,6,3,5,15,241,378,0,0,2,0,0,378
343,2,2,2,2,2-84,2511,B-C,U,135,102,53,12,1,7,310,416,0,0,2,0,0,416
337,2,2,2,2,2-74,2508,B-C,U,204,116,84,5,2,16,427,612,1,0,2,0,0,612
5194,2,2,17,17,2-63,620,B-C,M,83,131,3,1,3,7,228,518,1,0,2,0,0,518
2703,2,2,9,9,2-22,227,B-C,R,133,112,8,5,3,12,273,673,1,0,2,0,1,673
320,1,2,2,2,2-96,750,B-C,R,97,188,9,2,15,19,330,480,0,0,2,0,1,480
5237,2,2,17,17,2-63,640,B-C,R,130,251,25,4,7,25,442,710,0,0,2,0,1,710
357,2,2,2,2,2-70,2517,B-C,R,271,166,11,2,3,16,469,709,0,0,2,0,1,709
561,1,2,2,2,2-89,2784,B-C,R,51,293,72,2,0,14,432,587,1,0,2,0,1,587
2718,2,2,9,9,2-46,237,B-C,R,100,123,5,2,0,6,236,659,0,0,2,0,1,659
401,2,2,2,2,2-87,2538,B-C,R,155,86,23,2,4,13,283,488,0,0,2,0,1,488
981,3,3,3,4,3-8,1289,B-C,U,178,140,11,2,4,8,343,562,1,0,1,0,0,562
1189,6,3,4,4,3-55,1393,B-C,U,195,189,2,3,1,10,400,611,1,0,1,0,0,611
1078,3,3,7,4,3-32,1326,B-C,U,137,163,7,1,2,10,320,567,1,0,1,0,0,567
1891,3,3,7,7,3-49,1377,B-C,U,213,226,14,2,0,10,465,696,0,0,1,0,0,696
1112,3,3,7,4,3-33,1340,B-C,U,178,210,4,2,1,10,405,659,1,0,1,0,0,659
1231,3,3,4,4,3-80,1496,B-C,NA,150,124,5,4,1,5,289,746,0,1,1,0,0,746
1867,6,3,7,7,3-42,1365,B-C,U,167,193,7,5,0,13,385,653,1,0,1,0,0,653
999,6,3,4,4,3-66,1297,B-C,U,197,165,10,2,1,10,385,733,1,0,1,0,0,733
1065,6,3,4,4,3-28,1322,B-C,U,181,159,12,2,3,8,365,722,0,1,1,0,0,722
1140,3,3,7,4,3-35,1355,B-C,U,124,221,19,3,3,8,378,592,1,0,1,0,0,592
1949,6,3,7,7,3-59,1415,B-C,U,207,203,10,2,3,12,437,663,1,0,1,0,0,663
1173,20,3,21,4,3-69,1392,B-C,NA,166,238,15,2,5,11,437,733,0,1,1,0,0,733
1233,3,3,4,4,3-80,1496,B-C,NA,144,121,12,2,2,6,287,746,0,1,1,0,0,746
1092,6,3,7,4,3-39,1333,B-C,U,172,132,8,1,1,10,324,621,1,0,1,0,0,621
1086,3,3,7,4,3-33,1330,B-C,U,182,240,7,2,3,11,445,744,1,0,1,0,0,744
14,1,4,1,1,4-5,756,B-C,M,185,171,18,5,5,10,394,650,1,0,1,0,0,650
3538,9,4,11,12,4-89,951,B-C,U,151,219,15,4,5,17,411,628,1,0,1,0,0,628
2760,1,4,8,9,4-8,772,B-C,U,158,161,11,2,2,18,352,645,1,0,1,0,0,645
3552,9,4,11,12,4-90,965,B-C,U,180,293,15,3,2,19,512,743,1,0,1,0,0,743
2265,4,4,8,8,4-58,860,B-C,U,212,133,27,12,5,10,399,594,0,0,1,0,0,594
3581,9,4,12,12,4-92,980,B-C,U,183,110,15,3,1,15,327,744,0,1,1,0,0,744
3562,9,4,12,12,4-96,967,B-C,U,212,150,20,5,0,11,398,724,1,0,1,0,0,724
2801,1,4,8,9,4-35,809,B-C,R,65,249,3,4,5,20,346,643,1,0,1,0,1,643
2392,4,4,8,8,4-86,913,B-C,R,79,146,6,1,0,8,240,462,0,0,1,0,1,462
2816,1,4,8,9,4-39,817,B-C,R,83,112,6,3,2,0,206,467,0,0,1,0,1,467
2370,4,4,8,8,4-82,904,E,R,109,88,15,0,0,9,221,342,1,0,1,1,1,342
49,1,4,1,1,4-17,792,B-C,R,105,147,6,5,1,18,282,520,1,0,1,0,1,520
790,3,5,7,3,5-27,1730,B-C,U,138,125,4,2,0,12,281,444,0,0,1,0,0,444
1576,5,5,5,5,5-79,3011,B-C,U,185,133,12,3,2,13,348,558,1,0,1,0,0,558
1478,5,5,7,5,5-33,1815,B-C,U,167,164,5,2,2,5,345,548,0,0,1,0,0,548
674,3,5,3,3,5-8,1679,B-C,U,141,228,11,3,1,8,392,530,1,0,1,0,0,530
1435,5,5,5,5,5-68,1794,B-C,U,181,197,9,3,2,8,400,701,0,1,1,0,0,701
645,3,5,3,3,5-18,1291,B-C,U,141,169,8,1,4,5,328,494,0,0,1,0,0,494
1453,5,5,5,5,5-67,1803,B-C,U,136,175,10,1,2,10,334,555,1,0,1,0,0,555
1524,5,5,5,5,5-69,1840,B-C,U,163,215,8,4,0,20,410,640,1,0,1,0,0,640
624,3,5,3,3,5-4,1268,B-C,U,176,196,14,2,5,8,401,738,1,0,1,0,0,738
1448,5,5,7,5,5-45,1801,B-C,U,101,123,5,3,1,6,239,376,0,0,1,0,0,376
673,3,5,3,3,5-6,1678,B-C,U,124,133,5,5,2,4,273,424,0,0,1,0,0,424
804,5,5,7,3,5-36,1736,B-C,U,142,121,9,5,0,7,284,416,0,0,1,0,0,416
690,3,5,3,3,5-8,1683,B-C,U,122,168,7,2,2,9,310,449,0,0,1,0,0,449
862,5,5,7,3,5-40,1763,B-C,U,120,157,3,1,5,13,299,440,0,0,1,0,0,440
1527,5,6,6,5,6-79,1842,B-C,U,220,193,8,4,1,11,437,686,1,0,1,0,0,686
1549,5,6,6,5,6-81,1851,B-C,U,201,191,4,4,1,16,417,655,1,0,1,0,0,655
1790,11,6,6,6,6-52,1622,B-C,U,194,197,13,2,2,10,418,717,0,0,1,0,0,717
1740,11,6,6,6,6-76,1600,B-C,U,170,186,11,2,0,14,383,588,1,0,1,0,0,588
2129,11,6,6,7,6-18,1644,B-C,U,198,180,10,0,2,8,398,724,1,0,1,0,0,724
2111,11,6,21,7,6-24,1642,B-C,U,179,185,10,4,1,11,390,708,0,1,1,0,0,708
1712,11,6,21,6,6-48,1588,B-C,U,137,186,8,3,1,9,344,541,1,0,1,0,0,541
1552,5,6,6,5,6-80,1853,B-C,U,136,209,5,5,1,10,366,523,1,0,1,0,0,523
2119,11,6,21,7,6-23,1643,B-C,U,193,135,1,1,2,13,345,695,0,1,1,0,0,695
1769,11,6,6,6,6-49,1613,B-C,U,216,239,6,4,1,8,474,739,1,0,1,0,0,739
1666,11,6,6,6,6-65,1552,B-C,U,153,178,9,2,5,17,364,643,1,0,1,0,0,643
1997,6,6,7,7,6-55,1518,S,U,34,46,3,2,1,7,93,0,1,0,1,0,0,93
1757,11,6,6,6,6-72,1609,B-C,U,195,187,4,5,4,8,403,658,1,0,1,0,0,658
2078,11,6,21,7,6-35,1634,B-C,U,215,258,14,4,0,12,503,749,0,1,1,0,0,749
1781,11,6,21,6,6-46,1614,B-C,U,173,252,19,7,4,11,466,725,0,1,1,0,0,725
1306,6,6,7,5,6-62,1446,B-C,U,155,162,12,2,2,16,349,505,0,0,1,0,0,505
1667,11,6,6,6,6-61,1553,B-C,U,143,203,15,0,0,9,370,620,1,0,1,0,0,620
1327,5,6,6,5,6-84,1468,B-C,U,165,128,5,2,0,14,314,569,1,0,1,0,0,569
2090,11,6,21,7,6-37,1635,B-C,U,183,224,16,2,2,12,439,711,1,0,1,0,0,711
1773,11,6,21,6,6-45,1614,B-C,U,173,251,12,1,3,9,449,726,0,1,1,0,0,726
1649,6,6,6,6,6-65,1541,B-C,U,159,182,7,3,1,9,361,542,0,0,1,0,0,542
2136,11,6,6,7,6-19,1646,B-C,U,143,140,5,0,1,9,298,644,1,0,1,0,0,644
1995,6,6,7,7,6-55,1518,B-C,U,180,250,4,2,1,22,459,715,1,0,1,0,0,715
2036,11,6,21,7,6-31,1620,B-C,U,177,178,15,4,3,15,392,684,0,1,1,0,0,684
1633,6,6,7,6,6-57,1529,B-C,U,147,184,15,3,0,22,371,480,0,0,1,0,0,480
2039,11,6,21,7,6-31,1620,B-C,U,190,176,14,5,4,16,405,684,0,1,1,0,0,684
2100,11,6,21,7,6-24,1642,B-C,U,173,180,8,3,0,11,375,709,0,1,1,0,0,709
1395,6,6,7,5,6-63,1515,B-C,U,216,248,13,4,6,19,506,693,0,0,1,0,0,693
1560,5,6,5,5,6-82,1857,B-C,U,169,159,8,3,1,10,350,569,1,0,1,0,0,569
2023,11,6,21,7,6-36,1585,B-C,U,190,222,10,2,3,8,435,679,1,0,1,0,0,679
2156,11,6,6,7,6-10,1652,B-C,R,241,127,7,5,1,13,394,688,1,0,1,0,1,688
3125,9,7,13,10,7-66,2676,B-C,U,155,187,12,2,1,4,361,622,1,0,1,0,0,622
3007,7,7,10,10,7-35,2459,B-C,U,124,212,1,0,1,5,343,473,0,0,1,0,0,473
3021,7,7,10,10,7-37,2466,S,U,95,130,17,2,1,10,255,0,1,0,1,0,0,255
3080,7,7,10,10,7-48,2485,B-C,M,105,198,1,0,3,15,322,584,1,0,1,0,0,584
2910,13,7,13,10,7-15,2064,B-C,U,139,193,63,2,7,4,408,661,1,0,1,0,0,661
2425,9,7,13,8,7-61,2661,B-C,U,139,87,10,3,1,10,250,445,0,0,1,0,0,445
2897,7,7,10,10,7-2,2058,B-C,U,127,195,4,0,1,12,339,566,1,0,1,0,0,566
3048,7,7,10,10,7-39,2475,B-C,U,164,268,14,1,1,2,450,701,1,0,1,0,0,701
2907,13,7,13,10,7-19,2062,S,U,79,87,24,3,2,8,203,0,1,0,1,0,0,203
2453,9,7,13,8,7-69,2681,B-C,U,157,217,10,4,4,21,413,676,1,0,1,0,0,676
2923,13,7,13,10,7-17,2069,B-C,U,117,140,58,0,0,17,332,588,1,0,1,0,0,588
2858,7,7,10,10,7-5,2042,B-C,U,96,332,8,2,2,5,445,688,0,1,1,0,0,688
3014,7,7,10,10,7-37,2463,B-C,U,156,304,6,0,0,8,474,721,1,0,1,0,0,721
2828,7,7,10,10,7-3,2034,B-C,U,144,323,5,1,0,14,487,720,1,0,1,0,0,720
2996,7,7,10,10,7-34,2453,B-C,U,154,287,4,1,0,16,462,712,1,0,1,0,0,712
2463,9,7,13,8,7-70,2683,B-C,M,140,142,16,11,2,8,319,649,1,0,1,0,0,649
2998,7,7,10,10,7-34,2454,B-C,U,91,230,0,0,1,3,325,527,1,0,1,0,0,527
2497,9,7,13,8,7-82,2704,B-C,M,128,208,13,1,0,12,362,683,1,0,1,0,0,683
3144,9,7,13,10,7-85,2695,B-C,R,138,154,3,2,0,9,306,568,1,0,1,0,1,568
2932,13,7,13,10,7-20,2074,B-C,R,82,92,43,2,1,17,237,520,1,0,1,0,1,520
3078,7,7,10,10,7-48,2484,B-C,R,186,152,4,1,3,19,365,646,0,0,1,0,1,646
2517,9,7,13,8,7-97,2722,B-C,R,116,137,3,4,2,7,269,466,0,0,1,0,1,466
2516,9,7,13,8,7-97,2722,B-C,R,117,146,4,4,1,8,280,467,0,0,1,0,1,467
2476,9,7,13,8,7-77,2691,B-C,R,182,104,4,0,1,7,298,462,0,0,1,0,1,462
3169,9,7,13,10,7-88,2716,B-C,R,78,129,13,2,2,7,231,471,0,0,1,0,1,471
4603,8,8,17,15,8-14,2906,B-C,U,113,316,21,23,2,12,487,715,1,0,2,0,0,715
4308,8,8,17,14,8-31,2625,B-C,U,125,238,15,5,2,9,394,627,1,0,2,0,0,627
4654,8,8,17,15,8-16,2927,B-C,M,162,224,9,1,9,16,421,623,1,0,2,0,0,623
4181,8,8,14,14,8-87,2162,B-C,U,138,111,12,2,8,15,286,520,1,0,2,0,0,520
4174,8,8,14,14,8-85,2158,B-C,U,136,181,18,11,3,19,368,553,0,0,2,0,0,553
4173,8,8,14,14,8-84,2157,B-C,U,176,208,19,23,2,20,448,643,0,0,2,0,0,643
3911,13,8,18,13,8-1,2026,B-C,M,151,268,21,3,16,13,472,650,1,0,1,0,0,650
3987,8,8,14,13,8-96,2185,B-C,U,165,187,23,4,4,16,399,741,1,0,2,0,0,741
4196,8,8,14,14,8-84,2172,B-C,U,208,145,14,13,4,19,403,570,0,0,2,0,0,570
4009,8,8,14,13,8-97,2193,B-C,U,171,190,19,7,2,14,403,703,0,1,2,0,0,703
4606,8,8,17,15,8-14,2907,B-C,U,126,267,17,20,2,11,443,647,1,0,2,0,0,647
4112,8,8,14,14,8-78,2112,B-C,U,169,169,16,24,2,7,387,543,1,0,2,0,0,543
4172,8,8,14,14,8-83,2156,B-C,U,176,214,17,22,8,26,463,666,0,0,2,0,0,666
3971,8,8,14,13,8-71,2180,B-C,U,138,156,20,15,5,2,336,553,1,0,2,0,0,553
4214,8,8,14,14,8-38,2206,B-C,R,81,126,13,2,1,12,235,427,0,0,2,0,1,427
3921,13,8,18,13,8-3,2030,B-C,R,175,279,18,0,7,20,499,745,1,0,1,0,1,745
4032,8,8,14,13,8-67,2220,B-C,R,79,115,9,2,0,6,211,468,0,0,2,0,1,468
4333,8,8,17,14,8-34,2634,B-C,R,153,201,25,3,2,7,391,546,0,0,2,0,1,546
3924,13,8,18,13,8-4,2031,B-C,R,71,248,15,3,5,21,363,540,1,0,1,0,1,540
4353,8,8,17,14,8-33,2641,B-C,R,47,158,95,5,7,12,324,483,0,0,2,0,1,483
4221,8,8,14,14,8-43,2210,B-C,R,84,166,13,7,2,22,294,500,0,0,2,0,1,500
4652,8,8,17,15,8-7,2926,B-C,R,144,171,17,4,12,16,364,565,0,0,2,0,1,565
3301,15,9,11,11,9-45,1037,B-C,U,149,130,13,0,0,12,304,540,1,0,1,0,0,540
3357,15,9,11,11,9-25,1078,B-C,U,208,211,15,2,1,9,446,721,0,1,1,0,0,721
3620,15,9,12,12,9-39,1001,B-C,U,131,142,15,1,9,9,307,494,0,0,1,0,0,494
3801,15,9,12,12,9-81,1177,B-C,U,171,150,6,2,2,7,338,576,1,0,1,0,0,576
3366,15,9,12,11,9-71,1087,B-C,U,182,134,15,9,0,10,350,636,1,0,1,0,0,636
3795,15,9,12,12,9-76,1176,B-C,U,116,132,9,2,1,16,276,602,1,0,1,0,0,602
3351,15,9,11,11,9-25,1078,B-C,U,196,188,8,5,3,14,414,722,0,1,1,0,0,722
3696,15,9,12,12,9-83,1081,B-C,U,135,125,17,4,1,9,291,426,0,0,1,0,0,426
3672,15,9,12,12,9-77,1059,B-C,U,170,160,11,3,2,10,356,708,0,1,1,0,0,708
3263,15,9,12,11,9-57,988,B-C,U,175,239,11,2,5,15,447,596,0,0,1,0,0,596
3283,15,9,12,11,9-62,1013,B-C,U,124,109,6,2,0,8,249,379,0,0,1,0,0,379
3294,15,9,12,11,9-66,1035,B-C,U,188,146,22,6,3,11,376,591,1,0,1,0,0,591
3270,15,9,11,11,9-44,1007,B-C,U,141,158,11,5,3,5,323,539,1,0,1,0,0,539
3665,15,9,12,12,9-75,1057,B-C,U,150,166,13,3,2,15,349,619,1,0,1,0,0,619
3493,15,9,12,11,9-18,1169,B-C,M,134,138,7,4,0,6,289,545,1,0,1,0,0,545
3260,15,9,11,11,9-27,987,B-C,U,178,258,10,4,3,5,458,709,1,0,1,0,0,709
3524,9,9,11,12,9-31,939,B-C,U,141,277,15,3,4,18,458,589,1,0,1,0,0,589
3433,9,9,11,11,9-4,1123,B-C,R,74,155,8,1,3,13,254,528,1,0,1,0,1,528
