casilla_id,distrito_fed_17,distrito_fed_12,distrito_loc_17,distrito_loc_12,are,seccion,casilla,tipo_seccion,pri_pvem,pan_na,prd,pt,mc,otros,total,ln,tamano_md,tamano_gd,region,casilla_ex,rural,ln_total
3538,9,4,11,12,4-89,951,B-C,U,151,219,15,4,5,17,411,628,1,0,1,0,0,628
1097,6,3,7,4,3-40,1335,B-C,U,154,160,2,2,0,12,330,573,1,0,1,0,0,573
2392,4,4,8,8,4-86,913,B-C,R,79,146,6,1,0,8,240,462,0,0,1,0,1,462
818,5,5,5,3,5-56,1742,B-C,U,160,174,4,2,2,8,350,578,1,0,1,0,0,578
1659,5,6,6,6,6-69,1547,B-C,U,186,275,11,2,3,0,477,715,1,0,1,0,0,715
5087,14,14,9,17,14-56,294,B-C,U,154,150,26,5,3,14,352,641,1,0,2,0,0,641
6168,10,10,20,20,10-99,3000,B-C,M,118,203,14,2,0,17,354,743,1,0,2,0,0,743
690,3,5,3,3,5-8,1683,B-C,U,122,168,7,2,2,9,310,449,0,0,1,0,0,449
2241,4,4,8,8,4-50,849,B-C,U,93,98,15,7,2,9,224,303,0,0,1,0,0,303
5765,13,13,19,19,13-65,2838,B-C,U,45,180,39,12,2,18,296,515,1,0,2,0,0,515
4629,8,8,17,15,8-11,2916,B-C,U,111,178,19,16,3,10,337,432,0,0,2,0,0,432
5730,13,13,19,19,13-58,2822,B-C,U,65,158,45,4,2,10,284,435,0,0,2,0,0,435
2640,2,2,9,9,2-35,189,B-C,R,104,181,12,3,1,13,314,488,0,0,2,0,1,488
5905,13,13,19,19,13-93,2888,B-C,M,115,64,111,1,1,12,304,413,1,0,2,0,0,413
3525,9,4,11,12,4-88,940,B-C,U,153,248,7,6,9,10,433,567,1,0,1,0,0,567
5658,13,11,18,19,11-51,925,B-C,R,172,152,80,8,0,18,430,674,1,0,1,0,1,674
3488,15,9,12,11,9-19,1166,B-C,R,168,167,8,3,3,9,358,567,1,0,1,0,1,567
6633,14,14,22,22,14-77,655,B-C,R,84,99,41,5,0,17,246,398,0,0,2,0,1,398
997,6,3,4,4,3-19,1297,B-C,U,206,169,12,3,4,0,394,733,1,0,1,0,0,733
1908,6,3,7,7,3-51,1387,B-C,U,135,134,13,1,4,9,296,511,1,0,1,0,0,511
2496,9,7,13,8,7-82,2703,B-C,U,98,225,6,1,0,11,341,559,1,0,1,0,0,559
1112,3,3,7,4,3-33,1340,B-C,U,178,210,4,2,1,10,405,659,1,0,1,0,0,659
5671,13,13,19,19,13-44,1182,B-C,U,183,224,19,1,8,15,450,639,1,0,2,0,0,639
4333,8,8,17,14,8-34,2634,B-C,R,153,201,25,3,2,7,391,546,0,0,2,0,1,546
340,2,2,2,2,2-79,2510,B-C,U,196,125,47,7,2,13,390,612,1,0,2,0,0,612
4112,8,8,14,14,8-78,2112,B-C,U,169,169,16,24,2,7,387,543,1,0,2,0,0,543
460,1,1,2,2,1-51,2560,B-C,U,168,159,19,6,2,20,374,583,1,0,2,0,0,583
5715,13,13,19,19,13-55,2816,E,U,88,269,37,7,8,11,420,686,1,0,2,1,0,686
3880,13,11,18,13,11-67,35,B-C,R,69,188,5,1,0,6,269,448,0,0,1,0,1,448
3222,15,9,11,11,9-32,947,B-C,U,149,214,8,1,2,13,387,577,1,0,1,0,0,577
1781,11,6,21,6,6-46,1614,B-C,U,173,252,19,7,4,11,466,725,0,1,1,0,0,725
525,1,1,2,2,1-55,2597,B-C,R,56,157,11,2,2,13,241,565,1,0,2,0,1,565
139,4,1,1,1,1-61,2365,B-C,R,49,113,4,6,0,11,183,398,0,0,1,0,1,398
2996,7,7,10,10,7-34,2453,B-C,U,154,287,4,1,0,16,462,712,1,0,1,0,0,712
2165,11,6,6,7,6-6,1659,B-C,R,177,148,11,0,0,0,336,551,1,0,1,0,1,551
509,1,1,2,2,1-53,2589,B-C,R,158,153,16,9,3,0,339,592,1,0,2,0,1,592
2156,11,6,6,7,6-10,1652,B-C,R,241,127,7,5,1,13,394,688,1,0,1,0,1,688
2100,11,6,21,7,6-24,1642,B-C,U,173,180,8,3,0,11,375,709,0,1,1,0,0,709
2480,9,7,13,8,7-76,2692,B-C,R,166,145,18,1,3,11,344,642,1,0,1,0,1,642
6165,10,10,20,20,10-98,2999,B-C,U,102,187,14,5,1,9,318,613,1,0,2,0,0,613
3830,13,11,18,13,11-63,11,B-C,U,190,279,10,1,1,8,489,682,1,0,1,0,0,682
5143,14,14,9,17,14-70,321,B-C,M,163,175,19,5,2,12,376,612,0,0,2,0,0,612
3620,15,9,12,12,9-39,1001,B-C,U,131,142,15,1,9,9,307,494,0,0,1,0,0,494
6635,14,14,22,22,14-76,656,B-C,R,76,102,28,4,2,12,224,377,0,0,2,0,1,377
6559,14,14,22,22,14-26,103,B-C,M,29,120,39,1,1,32,222,489,0,0,2,0,0,489
2745,1,4,8,9,4-12,766,B-C,U,177,136,10,9,1,17,350,596,1,0,1,0,0,596
6198,10,13,19,21,13-23,670,B-C,U,148,186,30,3,5,12,384,620,1,0,2,0,0,620
4353,8,8,17,14,8-33,2641,B-C,R,47,158,95,5,7,12,324,483,0,0,2,0,1,483
1140,3,3,7,4,3-35,1355,B-C,U,124,221,19,3,3,8,378,592,1,0,1,0,0,592
2220,4,4,8,8,4-44,836,B-C,U,169,80,35,6,3,6,299,546,1,0,1,0,0,546
1527,5,6,6,5,6-79,1842,B-C,U,220,193,8,4,1,11,437,686,1,0,1,0,0,686
3260,15,9,11,11,9-27,987,B-C,U,178,258,10,4,3,5,458,709,1,0,1,0,0,709
4559,2,12,16,15,12-63,513,B-C,U,205,155,12,2,1,6,381,596,1,0,2,0,0,596
1737,11,6,6,6,6-74,1599,B-C,U,133,111,5,2,1,5,257,418,0,0,1,0,0,418
4065,8,8,14,13,8-63,2245,B-C,U,98,159,19,7,0,10,293,531,1,0,2,0,0,531
3573,15,9,11,12,9-40,976,B-C,U,214,239,9,2,3,12,479,738,0,0,1,0,0,738
6167,10,10,20,20,10-99,3000,B-C,M,121,224,14,2,2,17,380,744,1,0,2,0,0,744
1195,6,3,4,4,3-75,1474,B-C,R,97,109,3,1,1,9,220,387,0,0,1,0,1,387
331,2,2,2,2,2-74,2506,B-C,U,192,148,54,9,4,17,424,677,1,0,2,0,0,677
5716,13,13,19,19,13-55,2816,B-C,U,80,237,47,4,9,9,386,686,1,0,2,0,0,686
3366,15,9,12,11,9-71,1087,B-C,U,182,134,15,9,0,10,350,636,1,0,1,0,0,636
5659,13,11,18,19,11-53,926,B-C,R,62,76,72,59,9,23,301,501,0,0,1,0,1,501
6269,10,13,19,21,13-37,699,B-C,R,188,177,6,1,6,5,383,576,1,0,2,0,1,576
1306,6,6,7,5,6-62,1446,B-C,U,155,162,12,2,2,16,349,505,0,0,1,0,0,505
3887,13,11,18,13,11-66,38,B-C,R,125,332,11,2,2,11,483,705,1,0,1,0,1,705
689,3,5,3,3,5-7,1682,B-C,U,146,180,9,1,4,3,343,478,0,0,1,0,0,478
1340,3,5,3,5,5-87,1477,B-C,M,192,187,7,3,0,3,392,734,0,1,1,0,0,734
4871,12,13,15,16,13-10,483,B-C,U,167,217,12,3,2,10,411,651,1,0,2,0,0,651
6036,10,10,20,20,10-70,2802,B-C,U,131,167,14,1,2,8,323,505,1,0,2,0,0,505
1478,5,5,7,5,5-33,1815,B-C,U,167,164,5,2,2,5,345,548,0,0,1,0,0,548
4421,12,12,15,15,12-46,381,B-C,U,174,209,30,4,4,17,438,719,1,0,2,0,0,719
5380,13,11,10,18,11-89,717,B-C,U,91,103,40,3,0,10,247,424,0,0,1,0,0,424
4783,12,12,16,16,12-18,402,B-C,U,175,218,15,4,7,8,427,667,1,0,2,0,0,667
1374,5,5,5,5,5-49,1494,B-C,M,199,137,4,1,2,13,356,683,0,1,1,0,0,683
1317,6,6,7,5,6-63,1461,B-C,U,128,162,13,3,2,9,317,463,0,0,1,0,0,463
1649,6,6,6,6,6-65,1541,B-C,U,159,182,7,3,1,9,361,542,0,0,1,0,0,542
5841,13,13,19,19,13-82,2866,B-C,R,37,171,71,3,0,23,305,638,1,0,2,0,1,638
3399,15,9,12,11,9-51,1100,B-C,U,166,112,3,1,1,10,293,556,1,0,1,0,0,556
3552,9,4,11,12,4-90,965,B-C,U,180,293,15,3,2,19,512,743,1,0,1,0,0,743
6033,10,10,20,20,10-69,2801,B-C,U,149,244,19,1,2,16,431,671,1,0,2,0,0,671
4971,12,12,15,16,12-81,557,B-C,U,88,148,4,2,0,6,248,425,0,0,2,0,0,425
1448,5,5,7,5,5-45,1801,B-C,U,101,123,5,3,1,6,239,376,0,0,1,0,0,376
440,1,1,2,2,1-50,2553,B-C,U,216,186,26,6,4,20,458,706,1,0,2,0,0,706
6118,10,10,20,20,10-87,2971,B-C,R,88,103,13,8,1,13,226,436,0,0,2,0,1,436
731,3,5,3,3,5-24,1700,B-C,U,249,234,19,5,1,16,524,730,1,0,1,0,0,730
1682,11,6,21,6,6-43,1560,B-C,U,166,138,17,6,0,5,332,498,0,0,1,0,0,498
5926,10,10,20,20,10-3,1866,B-C,U,76,151,21,4,7,5,264,403,0,0,2,0,0,403
2524,2,2,9,9,2-1,141,B-C,M,142,152,13,7,5,0,319,632,1,0,2,0,0,632
5942,10,10,20,20,10-7,1873,B-C,U,107,177,24,8,4,7,327,664,1,0,2,0,0,664
4434,12,12,15,15,12-8,387,B-C,U,182,208,24,5,7,17,443,715,1,0,2,0,0,715
5435,7,11,18,18,11-43,1919,B-C,U,183,250,9,0,3,10,455,662,0,0,1,0,0,662
4901,2,12,16,16,12-70,505,B-C,M,95,273,7,1,16,5,397,657,1,0,2,0,0,657
4437,12,12,15,15,12-8,393,B-C,U,128,214,21,6,1,11,381,510,1,0,2,0,0,510
6276,10,13,19,21,13-38,703,B-C,R,70,133,11,2,1,11,228,452,0,0,2,0,1,452
31,1,4,1,1,4-19,779,B-C,R,130,152,11,7,0,20,320,571,0,0,1,0,1,571
4902,2,12,16,16,12-66,506,B-C,U,94,160,15,2,4,9,284,521,1,0,2,0,0,521
5270,14,10,15,17,10-52,2749,B-C,U,105,188,61,3,4,0,361,600,1,0,2,0,0,600
6443,10,10,20,21,10-42,2341,B-C,R,53,148,6,0,0,7,214,425,0,0,2,0,1,425
6687,14,14,22,22,14-89,1230,B-C,R,69,88,38,2,2,32,231,526,1,0,2,0,1,526
942,3,3,3,4,3-7,1278,B-C,U,197,219,17,7,3,13,456,666,0,1,1,0,0,666
1435,5,5,5,5,5-68,1794,B-C,U,181,197,9,3,2,8,400,701,0,1,1,0,0,701
3911,13,8,18,13,8-1,2026,B-C,M,151,268,21,3,16,13,472,650,1,0,1,0,0,650
4007,8,8,14,13,8-97,2193,B-C,U,195,197,20,17,7,10,446,703,0,1,2,0,0,703
3799,15,9,12,12,9-76,1176,B-C,U,133,139,5,2,1,8,288,601,1,0,1,0,0,601
3801,15,9,12,12,9-81,1177,B-C,U,171,150,6,2,2,7,338,576,1,0,1,0,0,576
6623,14,14,22,22,14-35,139,B-C,R,56,158,118,5,1,16,354,636,0,0,2,0,1,636
5051,14,14,22,17,14-49,278,B-C,R,90,127,2,3,32,12,266,584,0,0,2,0,1,584
4436,12,12,15,15,12-2,392,B-C,U,157,178,22,1,5,10,373,611,1,0,2,0,0,611
3564,9,4,12,12,4-96,967,B-C,U,171,161,17,6,5,18,378,724,1,0,1,0,0,724
6239,10,13,19,21,13-31,688,B-C,U,140,178,28,5,0,8,359,635,1,0,2,0,0,635
6258,10,13,19,21,13-34,694,B-C,R,133,176,17,6,1,5,338,525,1,0,2,0,1,525
1769,11,6,6,6,6-49,1613,B-C,U,216,239,6,4,1,8,474,739,1,0,1,0,0,739
3048,7,7,10,10,7-39,2475,B-C,U,164,268,14,1,1,2,450,701,1,0,1,0,0,701
2256,4,4,8,8,4-53,854,B-C,U,204,139,30,3,4,14,394,712,1,0,1,0,0,712
674,3,5,3,3,5-8,1679,B-C,U,141,228,11,3,1,8,392,530,1,0,1,0,0,530
4886,2,12,16,16,12-65,500,B-C,U,125,248,7,2,2,5,389,649,1,0,2,0,0,649
152,4,1,1,1,1-66,2373,B-C,R,102,135,6,3,0,11,257,522,1,0,1,0,1,522
1468,5,5,5,5,5-75,1810,B-C,U,174,147,8,2,2,18,351,614,1,0,1,0,0,614
1189,6,3,4,4,3-55,1393,B-C,U,195,189,2,3,1,10,400,611,1,0,1,0,0,611
3665,15,9,12,12,9-75,1057,B-C,U,150,166,13,3,2,15,349,619,1,0,1,0,0,619
2497,9,7,13,8,7-82,2704,B-C,M,128,208,13,1,0,12,362,683,1,0,1,0,0,683
320,1,2,2,2,2-96,750,B-C,R,97,188,9,2,15,19,330,480,0,0,2,0,1,480
6428,10,10,20,21,10-40,2332,B-C,U,95,161,14,2,4,11,287,533,1,0,2,0,0,533
5073,14,14,9,17,14-54,290,B-C,U,109,187,34,4,2,8,344,544,1,0,2,0,0,544
4426,12,12,15,15,12-50,384,B-C,U,139,193,26,10,3,20,391,566,1,0,2,0,0,566
2387,4,4,8,8,4-87,912,B-C,R,74,154,2,2,0,6,238,473,1,0,1,0,1,473
6408,10,10,20,21,10-31,2323,B-C,M,68,186,25,5,5,18,307,685,0,0,2,0,0,685
96,4,1,1,1,1-103,1905,B-C,R,122,127,35,1,0,11,296,471,0,0,1,0,1,471
2247,4,4,8,8,4-51,852,B-C,U,181,113,27,8,2,11,342,501,1,0,1,0,0,501
5661,13,11,18,19,11-53,927,B-C,R,97,165,41,42,0,22,367,622,1,0,1,0,1,622
3014,7,7,10,10,7-37,2463,B-C,U,156,304,6,0,0,8,474,721,1,0,1,0,0,721
428,1,1,2,2,1-48,2549,B-C,U,133,144,8,2,8,21,316,596,1,0,2,0,0,596
4843,12,12,15,16,12-13,460,B-C,U,106,229,36,7,8,11,397,629,1,0,2,0,0,629
1712,11,6,21,6,6-48,1588,B-C,U,137,186,8,3,1,9,344,541,1,0,1,0,0,541
2849,7,7,10,10,7-4,2039,B-C,U,165,296,4,2,1,9,477,657,1,0,1,0,0,657
6330,10,10,20,21,10-23,2278,B-C,U,104,174,34,2,1,13,328,510,1,0,2,0,0,510
2453,9,7,13,8,7-69,2681,B-C,U,157,217,10,4,4,21,413,676,1,0,1,0,0,676
4566,2,12,16,15,12-60,525,B-C,R,96,170,3,2,0,7,278,450,0,0,2,0,1,450
3814,13,11,18,13,11-62,5,B-C,U,128,231,6,2,1,9,377,538,1,0,1,0,0,538
2801,1,4,8,9,4-35,809,B-C,R,65,249,3,4,5,20,346,643,1,0,1,0,1,643
4652,8,8,17,15,8-7,2926,B-C,R,144,171,17,4,12,16,364,565,0,0,2,0,1,565
2265,4,4,8,8,4-58,860,B-C,U,212,133,27,12,5,10,399,594,0,0,1,0,0,594
1453,5,5,5,5,5-67,1803,B-C,U,136,175,10,1,2,10,334,555,1,0,1,0,0,555
669,3,5,3,3,5-5,1677,B-C,U,220,134,9,3,2,11,379,661,1,0,1,0,0,661
1647,6,6,6,6,6-65,1540,B-C,U,101,130,8,2,3,8,252,422,0,0,1,0,0,422
4009,8,8,14,13,8-97,2193,B-C,U,171,190,19,7,2,14,403,703,0,1,2,0,0,703
2858,7,7,10,10,7-5,2042,B-C,U,96,332,8,2,2,5,445,688,0,1,1,0,0,688
4068,8,8,14,13,8-63,2246,B-C,U,90,186,13,1,0,11,301,595,1,0,2,0,0,595
4980,12,13,15,16,13-19,564,B-C,M,103,279,6,3,1,14,406,742,0,0,2,0,0,742
6038,10,10,20,20,10-70,2803,B-C,U,112,211,11,5,1,14,354,544,1,0,2,0,0,544
6538,14,14,22,22,14-25,92,E,R,14,100,21,2,0,12,149,321,0,0,2,1,1,321
6556,14,14,22,22,14-26,102,B-C,U,38,147,43,10,2,14,254,552,1,0,2,0,0,552
3084,7,7,10,10,7-51,2486,B-C,R,179,208,13,1,1,19,421,731,1,0,1,0,1,731
2828,7,7,10,10,7-3,2034,B-C,U,144,323,5,1,0,14,487,720,1,0,1,0,0,720
3433,9,9,11,11,9-4,1123,B-C,R,74,155,8,1,3,13,254,528,1,0,1,0,1,528
3368,15,9,12,11,9-69,1088,B-C,U,115,126,2,2,2,6,253,477,0,0,1,0,0,477
1949,6,3,7,7,3-59,1415,B-C,U,207,203,10,2,3,12,437,663,1,0,1,0,0,663
5520,7,11,18,18,11-14,1967,B-C,R,131,146,10,7,0,15,309,683,1,0,1,0,1,683
4603,8,8,17,15,8-14,2906,B-C,U,113,316,21,23,2,12,487,715,1,0,2,0,0,715
6452,14,14,22,22,14-1,51,B-C,M,96,178,64,10,9,0,357,659,1,0,2,0,0,659
2516,9,7,13,8,7-97,2722,B-C,R,117,146,4,4,1,8,280,467,0,0,1,0,1,467
2425,9,7,13,8,7-61,2661,B-C,U,139,87,10,3,1,10,250,445,0,0,1,0,0,445
4208,8,8,14,14,8-39,2204,B-C,U,135,164,1,6,2,13,321,569,1,0,2,0,0,569
1516,5,5,5,5,5-71,1836,B-C,U,173,97,6,5,2,24,307,493,0,0,1,0,0,493
2783,1,4,1,9,4-22,798,E,R,92,66,4,5,1,11,179,320,0,0,1,1,1,320
328,2,2,2,2,2-74,2506,B-C,U,187,152,68,10,5,0,422,677,1,0,2,0,0,677
4875,12,12,15,16,12-13,493,B-C,U,108,261,14,4,1,11,399,613,0,0,2,0,0,613
504,1,1,2,2,1-36,2587,B-C,U,131,117,17,3,4,23,295,637,1,0,2,0,0,637
5971,10,10,20,20,10-10,1886,B-C,U,90,219,20,2,8,6,345,522,1,0,2,0,0,522
4630,8,8,17,15,8-11,2916,B-C,U,99,196,18,18,0,5,336,432,0,0,2,0,0,432
4549,2,12,16,15,12-58,498,B-C,R,191,169,21,13,0,18,412,614,1,0,2,0,1,614
3562,9,4,12,12,4-96,967,B-C,U,212,150,20,5,0,11,398,724,1,0,1,0,0,724
4777,12,12,16,16,12-6,399,B-C,U,180,201,28,4,7,12,432,637,1,0,2,0,0,637
1867,6,3,7,7,3-42,1365,B-C,U,167,193,7,5,0,13,385,653,1,0,1,0,0,653
4097,8,8,14,13,8-52,2262,B-C,R,101,114,5,7,0,5,232,472,0,0,2,0,1,472
6006,10,10,20,20,10-63,2791,B-C,U,142,229,15,1,3,7,397,725,1,0,2,0,0,725
1898,6,3,7,7,3-50,1382,B-C,U,155,126,6,4,1,14,306,497,0,0,1,0,0,497
2998,7,7,10,10,7-34,2454,B-C,U,91,230,0,0,1,3,325,527,1,0,1,0,0,527
3493,15,9,12,11,9-18,1169,B-C,M,134,138,7,4,0,6,289,545,1,0,1,0,0,545
4919,2,12,16,16,12-74,519,B-C,U,128,176,49,11,10,23,397,725,1,0,2,0,0,725
5070,14,14,9,17,14-57,289,B-C,U,156,227,27,4,5,16,435,738,1,0,2,0,0,738
2897,7,7,10,10,7-2,2058,B-C,U,127,195,4,0,1,12,339,566,1,0,1,0,0,566
2966,13,7,13,10,7-29,2099,B-C,R,66,61,66,2,0,14,209,420,0,0,1,0,1,420
790,3,5,7,3,5-27,1730,B-C,U,138,125,4,2,0,12,281,444,0,0,1,0,0,444
1773,11,6,21,6,6-45,1614,B-C,U,173,251,12,1,3,9,449,726,0,1,1,0,0,726
2620,2,2,9,9,2-34,178,B-C,R,79,154,9,0,0,15,257,453,0,0,2,0,1,453
5140,14,14,9,17,14-68,319,B-C,R,125,220,19,4,3,20,391,657,1,0,2,0,1,657
5231,2,2,17,17,2-62,637,B-C,R,55,204,13,4,3,15,294,504,1,0,2,0,1,504
5696,13,13,19,19,13-51,1193,B-C,R,50,178,9,2,5,6,250,474,0,0,2,0,1,474
2244,4,4,8,8,4-54,851,B-C,U,180,87,32,5,3,7,314,512,1,0,1,0,0,512
2463,9,7,13,8,7-70,2683,B-C,M,140,142,16,11,2,8,319,649,1,0,1,0,0,649
4543,12,13,15,15,13-13,491,B-C,U,163,146,12,9,3,12,345,580,1,0,2,0,0,580
2910,13,7,13,10,7-15,2064,B-C,U,139,193,63,2,7,4,408,661,1,0,1,0,0,661
3812,13,11,18,13,11-65,4,B-C,U,104,259,12,0,3,6,384,527,1,0,1,0,0,527
167,4,1,1,1,1-87,2380,B-C,U,223,127,9,2,0,15,376,629,1,0,1,0,0,629
4654,8,8,17,15,8-16,2927,B-C,M,162,224,9,1,9,16,421,623,1,0,2,0,0,623
6287,10,13,19,21,13-39,709,B-C,R,89,222,7,2,1,11,332,628,0,0,2,0,1,628
1584,5,5,5,5,5-73,3015,B-C,U,145,198,10,5,2,7,367,540,1,0,1,0,0,540
1233,3,3,4,4,3-80,1496,B-C,NA,144,121,12,2,2,6,287,746,0,1,1,0,0,746
5237,2,2,17,17,2-63,640,B-C,R,130,251,25,4,7,25,442,710,0,0,2,0,1,710
2078,11,6,21,7,6-35,1634,B-C,U,215,258,14,4,0,12,503,749,0,1,1,0,0,749
742,3,5,3,3,5-25,1706,B-C,U,157,184,2,3,1,13,360,540,1,0,1,0,0,540
1666,11,6,6,6,6-65,1552,B-C,U,153,178,9,2,5,17,364,643,1,0,1,0,0,643
2630,2,2,9,9,2-29,184,B-C,R,71,126,3,1,1,12,214,444,0,0,2,0,1,444
6621,14,14,22,22,14-35,138,B-C,U,28,168,60,1,4,20,281,619,1,0,2,0,0,619
23,1,4,1,1,4-4,759,B-C,U,169,218,13,5,5,12,422,708,1,0,1,0,0,708
2476,9,7,13,8,7-77,2691,B-C,R,182,104,4,0,1,7,298,462,0,0,1,0,1,462
2370,4,4,8,8,4-82,904,E,R,109,88,15,0,0,9,221,342,1,0,1,1,1,342
4859,12,12,15,16,12-14,471,B-C,U,180,208,43,6,14,16,467,738,1,0,2,0,0,738
862,5,5,7,3,5-40,1763,B-C,U,120,157,3,1,5,13,299,440,0,0,1,0,0,440
5606,7,11,18,18,11-30,2010,B-C,M,219,107,0,0,0,14,340,681,0,0,1,0,0,681
4449,12,12,15,15,12-52,412,B-C,U,176,270,28,6,4,10,494,694,0,1,2,0,0,694
4583,12,12,15,15,12-56,531,B-C,R,163,221,29,7,2,15,437,745,1,0,2,0,1,745
3223,15,9,11,11,9-32,947,B-C,U,126,201,11,3,4,7,352,576,1,0,1,0,0,576
6661,14,14,22,22,14-84,1213,B-C,R,87,75,8,0,3,10,183,427,0,0,2,0,1,427
4422,12,12,15,15,12-46,382,B-C,U,159,190,15,13,2,20,399,654,1,0,2,0,0,654
6021,10,10,20,20,10-64,2796,B-C,U,134,201,10,3,1,5,354,517,1,0,2,0,0,517
4899,2,12,16,16,12-70,505,B-C,M,98,247,16,1,17,13,392,658,1,0,2,0,0,658
6054,10,10,20,20,10-73,2809,B-C,U,125,190,20,3,1,13,352,666,1,0,2,0,0,666
2618,2,2,9,9,2-33,177,B-C,R,121,262,3,2,0,23,411,705,1,0,2,0,1,705
2517,9,7,13,8,7-97,2722,B-C,R,116,137,3,4,2,7,269,466,0,0,1,0,1,466
4918,2,12,16,16,12-73,518,B-C,U,176,173,65,5,2,20,441,745,1,0,2,0,0,745
3999,8,8,14,13,8-101,2190,B-C,U,169,180,9,8,2,14,382,699,1,0,2,0,0,699
5246,2,2,17,17,2-65,645,B-C,U,82,295,36,4,1,23,441,742,1,0,2,0,0,742
3125,9,7,13,10,7-66,2676,B-C,U,155,187,12,2,1,4,361,622,1,0,1,0,0,622
3434,9,9,11,11,9-3,1127,B-C,R,58,150,15,3,0,13,239,600,0,0,1,0,1,600
5869,13,13,19,19,13-90,2875,B-C,R,16,158,64,3,1,21,263,422,1,0,2,0,1,422
1226,6,3,4,4,3-82,1495,B-C,M,177,166,5,5,2,0,355,746,1,0,1,0,0,746
6700,14,14,22,22,14-91,1241,B-C,R,90,99,46,3,3,28,269,601,1,0,2,0,1,601
1633,6,6,7,6,6-57,1529,B-C,U,147,184,15,3,0,22,371,480,0,0,1,0,0,480
1524,5,5,5,5,5-69,1840,B-C,U,163,215,8,4,0,20,410,640,1,0,1,0,0,640
489,1,1,2,2,1-40,2581,B-C,R,80,261,16,6,4,18,385,661,1,0,2,0,1,661
3263,15,9,12,11,9-57,988,B-C,U,175,239,11,2,5,15,447,596,0,0,1,0,0,596
2907,13,7,13,10,7-19,2062,S,U,79,87,24,3,2,8,203,0,1,0,1,0,0,203
1414,5,5,5,5,5-66,1787,B-C,U,167,163,5,1,1,14,351,627,1,0,1,0,0,627
3828,13,11,18,13,11-64,10,B-C,U,124,249,3,2,1,9,388,572,1,0,1,0,0,572
2174,11,6,6,7,6-8,1664,B-C,R,228,200,8,4,1,14,455,728,1,0,1,0,1,728
6616,14,14,22,22,14-34,136,B-C,M,40,174,77,4,3,19,317,604,1,0,2,0,0,604
3551,9,4,11,12,4-90,965,B-C,U,178,251,16,6,8,10,469,744,1,0,1,0,0,744
5188,2,2,17,17,2-50,617,B-C,U,150,245,22,4,11,7,439,651,1,0,2,0,0,651
3080,7,7,10,10,7-48,2485,B-C,M,105,198,1,0,3,15,322,584,1,0,1,0,0,584
1327,5,6,6,5,6-84,1468,B-C,U,165,128,5,2,0,14,314,569,1,0,1,0,0,569
3940,8,8,14,13,8-69,2151,B-C,U,129,125,16,9,4,19,302,470,0,0,2,0,0,470
1092,6,3,7,4,3-39,1333,B-C,U,172,132,8,1,1,10,324,621,1,0,1,0,0,621
6025,10,10,20,20,10-67,2798,B-C,U,161,140,17,6,4,13,341,631,1,0,2,0,0,631
5016,14,14,22,17,14-42,257,B-C,U,64,110,9,118,100,22,423,507,1,0,2,0,0,507
1062,3,3,7,4,3-27,1321,B-C,U,138,119,5,2,0,14,278,530,1,0,1,0,0,530
3049,7,7,10,10,7-39,2475,B-C,U,149,280,3,1,0,6,439,701,1,0,1,0,0,701
357,2,2,2,2,2-70,2517,B-C,R,271,166,11,2,3,16,469,709,0,0,2,0,1,709
786,5,5,7,3,5-28,1729,B-C,U,150,141,7,2,3,9,312,445,0,0,1,0,0,445
4500,12,13,15,15,13-6,468,B-C,U,126,193,18,8,3,10,358,532,1,0,2,0,0,532
3581,9,4,12,12,4-92,980,B-C,U,183,110,15,3,1,15,327,744,0,1,1,0,0,744
3869,13,11,18,13,11-71,29,B-C,R,68,195,2,3,0,0,268,472,0,0,1,0,1,472
3435,9,9,11,11,9-3,1130,B-C,R,45,58,6,3,0,9,121,546,1,0,1,0,1,546
2960,13,7,13,10,7-24,2095,B-C,R,250,112,33,1,0,13,409,701,1,0,1,0,1,701
3357,15,9,11,11,9-25,1078,B-C,U,208,211,15,2,1,9,446,721,0,1,1,0,0,721
92,4,1,1,1,1-103,1902,B-C,M,26,78,5,0,0,4,113,134,0,0,1,0,0,134
3169,9,7,13,10,7-88,2716,B-C,R,78,129,13,2,2,7,231,471,0,0,1,0,1,471
6455,14,14,22,22,14-2,52,B-C,U,60,96,26,6,3,18,209,386,0,0,2,0,0,386
3481,15,9,11,11,9-22,1164,B-C,R,121,184,7,3,0,9,324,609,1,0,1,0,1,609
180,4,1,1,1,1-88,2385,B-C,U,212,122,13,0,1,18,366,614,1,0,1,0,0,614
3963,8,8,14,13,8-73,2178,B-C,U,165,126,22,6,2,11,332,648,1,0,2,0,0,648
3776,9,4,11,12,4-107,1148,B-C,R,152,175,13,4,2,9,355,704,1,0,1,0,1,704
2923,13,7,13,10,7-17,2069,B-C,U,117,140,58,0,0,17,332,588,1,0,1,0,0,588
1278,6,3,4,4,3-86,1504,B-C,M,370,308,14,0,0,8,700,634,1,0,1,0,0,634
6248,10,13,19,21,13-33,691,B-C,U,126,156,26,1,0,11,320,574,1,0,2,0,0,574
548,1,2,2,2,2-88,2778,B-C,M,242,195,58,5,2,26,528,688,1,0,2,0,0,688
5153,14,14,9,17,14-71,325,B-C,R,106,68,4,2,2,1,183,387,0,0,2,0,1,387
3320,15,9,12,11,9-70,1053,B-C,U,124,144,5,6,3,7,289,526,1,0,1,0,0,526
2213,4,4,8,8,4-46,833,B-C,U,128,84,14,5,2,9,242,386,0,0,1,0,0,386
4129,8,8,14,14,8-65,2121,B-C,U,173,174,17,9,5,17,395,673,1,0,2,0,0,673
6438,10,10,20,21,10-42,2338,B-C,R,51,284,15,6,2,22,380,695,1,0,2,0,1,695
6342,10,10,20,21,10-22,2285,B-C,M,123,248,16,5,1,14,407,647,1,0,2,0,0,647
5582,7,11,18,18,11-6,1996,B-C,R,73,180,40,9,0,28,330,703,1,0,1,0,1,703
5242,2,2,17,17,2-67,642,B-C,R,82,123,17,9,0,23,254,453,0,0,2,0,1,453
5952,10,10,20,20,10-4,1878,B-C,U,78,177,13,4,3,3,278,464,0,0,2,0,0,464
5081,14,14,9,17,14-55,292,B-C,U,150,208,30,13,6,16,423,675,1,0,2,0,0,675
6294,10,13,19,21,13-43,713,B-C,U,57,133,24,3,1,24,242,535,1,0,2,0,0,535
4356,8,8,17,14,8-22,2643,B-C,R,74,272,8,1,0,13,368,576,1,0,2,0,1,576
5617,7,11,18,18,11-28,2016,B-C,U,147,76,16,13,1,14,267,446,0,0,1,0,0,446
3351,15,9,11,11,9-25,1078,B-C,U,196,188,8,5,3,14,414,722,0,1,1,0,0,722
5094,14,14,9,17,14-58,297,B-C,U,141,153,31,8,3,12,348,561,1,0,2,0,0,561
6394,10,10,20,21,10-32,2315,B-C,U,92,320,6,3,1,10,432,714,1,0,2,0,0,714
5550,7,11,18,18,11-14,1980,B-C,R,137,176,5,3,1,19,341,581,0,0,1,0,1,581
3795,15,9,12,12,9-76,1176,B-C,U,116,132,9,2,1,16,276,602,1,0,1,0,0,602
102,4,1,1,1,1-102,1908,B-C,U,46,237,124,1,0,22,430,724,0,0,1,0,0,724
5825,13,13,19,19,13-80,2860,E,M,50,202,75,1,6,20,354,546,1,0,2,1,0,546
561,1,2,2,2,2-89,2784,B-C,R,51,293,72,2,0,14,432,587,1,0,2,0,1,587
3283,15,9,12,11,9-62,1013,B-C,U,124,109,6,2,0,8,249,379,0,0,1,0,0,379
49,1,4,1,1,4-17,792,B-C,R,105,147,6,5,1,18,282,520,1,0,1,0,1,520
3453,9,9,11,11,9-9,1150,B-C,U,164,228,5,2,0,8,407,570,1,0,1,0,0,570
27,1,4,1,1,4-15,777,B-C,R,78,136,3,2,2,20,241,573,1,0,1,0,1,573
645,3,5,3,3,5-18,1291,B-C,U,141,169,8,1,4,5,328,494,0,0,1,0,0,494
83,4,1,1,1,1-101,1897,B-C,U,170,241,21,0,0,16,448,619,1,0,1,0,0,619
963,3,3,4,4,3-13,1285,B-C,U,199,258,20,3,1,7,488,737,0,1,1,0,0,737
3696,15,9,12,12,9-83,1081,B-C,U,135,125,17,4,1,9,291,426,0,0,1,0,0,426
1173,20,3,21,4,3-69,1392,B-C,NA,166,238,15,2,5,11,437,733,0,1,1,0,0,733
1790,11,6,6,6,6-52,1622,B-C,U,194,197,13,2,2,10,418,717,0,0,1,0,0,717
494,1,1,2,2,1-42,2584,B-C,R,99,155,11,3,2,22,292,542,1,0,2,0,1,542
6208,10,13,19,21,13-25,675,B-C,U,116,131,15,5,1,6,274,388,0,0,2,0,0,388
6479,14,14,22,22,14-6,65,B-C,M,107,118,46,8,5,21,305,563,1,0,2,0,0,563
2039,11,6,21,7,6-31,1620,B-C,U,190,176,14,5,4,16,405,684,0,1,1,0,0,684
3682,15,9,12,12,9-79,1061,B-C,U,177,184,20,1,1,9,392,613,1,0,1,0,0,613
5167,2,2,17,17,2-49,609,B-C,U,79,229,16,2,9,9,344,579,1,0,2,0,0,579
6083,10,10,20,20,10-80,2955,B-C,U,124,195,12,21,3,11,366,558,1,0,2,0,0,558
1231,3,3,4,4,3-80,1496,B-C,NA,150,124,5,4,1,5,289,746,0,1,1,0,0,746
4181,8,8,14,14,8-87,2162,B-C,U,138,111,12,2,8,15,286,520,1,0,2,0,0,520
5821,13,13,19,19,13-78,2859,B-C,R,46,116,63,1,1,187,414,415,0,0,2,0,1,415
4060,8,8,14,13,8-62,2243,B-C,U,66,174,12,5,1,15,273,558,1,0,2,0,0,558
841,5,5,5,3,5-63,1752,B-C,U,172,213,5,5,3,11,409,643,1,0,1,0,0,643
6018,10,10,20,20,10-66,2795,B-C,U,228,132,9,1,0,11,381,749,1,0,2,0,0,749
5113,14,14,9,17,14-63,306,B-C,R,143,117,19,1,1,14,295,500,0,0,2,0,1,500
3924,13,8,18,13,8-4,2031,B-C,R,71,248,15,3,5,21,363,540,1,0,1,0,1,540
2841,7,7,10,10,7-1,2036,B-C,U,97,283,3,1,0,12,396,665,0,1,1,0,0,665
5407,13,11,10,18,11-83,733,B-C,R,49,110,112,1,1,25,298,450,0,0,1,0,1,450
5437,7,11,18,18,11-42,1920,B-C,U,147,163,5,0,0,6,321,518,1,0,1,0,0,518
343,2,2,2,2,2-84,2511,B-C,U,135,102,53,12,1,7,310,416,0,0,2,0,0,416
774,5,5,5,3,5-47,1722,B-C,U,241,193,7,1,5,14,461,688,1,0,1,0,0,688
2361,4,4,8,8,4-79,901,B-C,R,144,188,20,5,1,26,384,697,1,0,1,0,1,697
1997,6,6,7,7,6-55,1518,S,U,34,46,3,2,1,7,93,0,1,0,1,0,0,93
4606,8,8,17,15,8-14,2907,B-C,U,126,267,17,20,2,11,443,647,1,0,2,0,0,647
2606,2,2,9,9,2-18,173,B-C,U,154,171,7,3,6,18,359,610,1,0,2,0,0,610
4463,12,12,15,15,12-55,414,B-C,U,130,192,24,10,5,18,379,502,1,0,2,0,0,502
2816,1,4,8,9,4-39,817,B-C,R,83,112,6,3,2,0,206,467,0,0,1,0,1,467
1395,6,6,7,5,6-63,1515,B-C,U,216,248,13,4,6,19,506,693,0,0,1,0,0,693
6173,10,10,20,20,10-97,3002,B-C,R,85,84,14,8,0,21,212,432,0,0,2,0,1,432
14,1,4,1,1,4-5,756,B-C,M,185,171,18,5,5,10,394,650,1,0,1,0,0,650
1552,5,6,6,5,6-80,1853,B-C,U,136,209,5,5,1,10,366,523,1,0,1,0,0,523
3631,15,9,12,12,9-62,1017,B-C,U,113,108,8,1,1,12,243,385,0,0,1,0,0,385
2129,11,6,6,7,6-18,1644,B-C,U,198,180,10,0,2,8,398,724,1,0,1,0,0,724
5462,7,11,18,18,11-46,1931,B-C,U,191,178,13,3,1,8,394,587,1,0,1,0,0,587
213,4,1,1,1,1-69,2401,B-C,M,116,157,3,3,0,12,291,526,1,0,1,0,0,526
4214,8,8,14,14,8-38,2206,B-C,R,81,126,13,2,1,12,235,427,0,0,2,0,1,427
3772,9,4,11,12,4-108,1146,B-C,U,66,167,7,2,1,10,253,442,0,0,1,0,0,442
6322,10,10,20,21,10-18,2274,B-C,U,155,230,27,9,0,0,421,636,1,0,2,0,0,636
2423,9,7,13,8,7-62,2660,B-C,U,182,156,8,2,6,9,363,671,1,0,1,0,0,671
6400,10,10,20,21,10-35,2318,B-C,U,66,121,10,3,1,14,215,386,0,0,2,0,0,386
4978,12,12,15,16,12-83,560,B-C,U,75,138,5,4,3,6,231,379,0,0,2,0,0,379
44,1,4,1,1,4-20,787,B-C,R,93,143,4,4,1,12,257,467,0,0,1,0,1,467
5399,13,11,10,18,11-90,727,B-C,R,157,129,44,3,0,20,353,619,0,0,1,0,1,619
2369,4,4,8,8,4-82,904,B-C,R,107,135,14,5,0,20,281,499,1,0,1,0,1,499
1148,3,3,7,4,3-36,1361,B-C,U,142,212,12,6,5,12,389,530,1,0,1,0,0,530
2138,11,6,6,7,6-19,1646,B-C,U,320,318,2,3,1,3,647,643,1,0,1,0,0,643
6619,14,14,22,22,14-33,137,B-C,U,47,147,69,0,0,12,275,555,1,0,2,0,0,555
1560,5,6,5,5,6-82,1857,B-C,U,169,159,8,3,1,10,350,569,1,0,1,0,0,569
2185,11,6,6,7,6-2,1669,B-C,R,122,126,36,9,0,20,313,558,1,0,1,0,1,558
184,4,1,1,1,1-81,2387,B-C,U,170,149,12,3,1,10,345,503,1,0,1,0,0,503
2703,2,2,9,9,2-22,227,B-C,R,133,112,8,5,3,12,273,673,1,0,2,0,1,673
4562,2,12,16,15,12-64,514,B-C,M,166,217,34,7,5,0,429,688,1,0,2,0,0,688
2978,13,7,13,10,7-27,2108,B-C,R,41,110,63,2,10,26,252,662,0,0,1,0,1,662
2111,11,6,21,7,6-24,1642,B-C,U,179,185,10,4,1,11,390,708,0,1,1,0,0,708
5747,13,13,19,19,13-61,2829,B-C,U,98,214,62,2,3,18,397,662,1,0,2,0,0,662
3021,7,7,10,10,7-37,2466,S,U,95,130,17,2,1,10,255,0,1,0,1,0,0,255
1667,11,6,6,6,6-61,1553,B-C,U,143,203,15,0,0,9,370,620,1,0,1,0,0,620
165,4,1,1,1,1-87,2379,B-C,U,157,158,18,4,2,12,351,578,1,0,1,0,0,578
624,3,5,3,3,5-4,1268,B-C,U,176,196,14,2,5,8,401,738,1,0,1,0,0,738
4308,8,8,17,14,8-31,2625,B-C,U,125,238,15,5,2,9,394,627,1,0,2,0,0,627
4472,12,12,15,15,12-7,432,B-C,U,189,262,23,7,5,16,502,711,0,0,2,0,0,711
6469,14,14,22,22,14-4,59,B-C,U,67,163,39,2,8,17,296,515,1,0,2,0,0,515
1355,5,5,5,5,5-54,1490,B-C,M,178,152,4,2,2,6,344,699,0,1,1,0,0,699
5848,13,13,19,19,13-84,2869,B-C,R,53,101,69,2,1,22,248,409,1,0,2,0,1,409
4881,2,12,16,16,12-70,496,B-C,R,294,132,3,8,4,13,454,700,0,0,2,0,1,700
1352,5,5,5,5,5-54,1490,B-C,M,203,149,0,3,5,8,368,700,0,1,1,0,0,700
5221,2,2,17,17,2-51,633,B-C,R,165,96,2,4,1,15,283,584,1,0,2,0,1,584
3352,15,9,11,11,9-25,1078,B-C,U,194,178,14,5,5,14,410,722,0,1,1,0,0,722
1078,3,3,7,4,3-32,1326,B-C,U,137,163,7,1,2,10,320,567,1,0,1,0,0,567
4742,12,12,16,16,12-21,356,B-C,U,172,202,13,5,2,0,394,653,1,0,2,0,0,653
842,5,5,5,3,5-62,1753,B-C,U,163,166,2,7,2,7,347,531,1,0,1,0,0,531
1995,6,6,7,7,6-55,1518,B-C,U,180,250,4,2,1,22,459,715,1,0,1,0,0,715
3987,8,8,14,13,8-96,2185,B-C,U,165,187,23,4,4,16,399,741,1,0,2,0,0,741
2581,2,2,9,9,2-10,163,B-C,U,106,106,6,3,5,15,241,378,0,0,2,0,0,378
2744,1,4,8,9,4-12,766,B-C,U,179,129,2,1,2,17,330,596,1,0,1,0,0,596
3041,7,7,10,10,7-38,2474,B-C,U,152,274,1,1,0,6,434,609,1,0,1,0,0,609
6504,14,14,22,22,14-11,77,B-C,U,98,168,36,8,6,31,347,670,1,0,2,0,0,670
3301,15,9,11,11,9-45,1037,B-C,U,149,130,13,0,0,12,304,540,1,0,1,0,0,540
3010,7,7,10,10,7-36,2460,B-C,U,98,205,4,0,0,6,313,466,0,0,1,0,0,466
2769,1,4,8,9,4-9,774,B-C,U,154,182,15,5,1,19,376,616,1,0,1,0,0,616
539,1,1,2,2,1-56,2602,B-C,R,178,158,20,4,5,17,382,698,1,0,2,0,1,698
4173,8,8,14,14,8-84,2157,B-C,U,176,208,19,23,2,20,448,643,0,0,2,0,0,643
155,4,1,1,1,1-85,2375,B-C,U,239,118,12,1,3,23,396,685,1,0,1,0,0,685
1086,3,3,7,4,3-33,1330,B-C,U,182,240,7,2,3,11,445,744,1,0,1,0,0,744
1027,6,3,4,4,3-24,1308,B-C,U,177,151,11,2,1,7,349,645,1,0,1,0,0,645
614,1,1,2,2,1-16,2945,B-C,R,119,115,3,0,0,0,237,330,0,0,2,0,1,330
1160,6,3,4,4,3-55,1390,B-C,U,187,162,3,4,0,13,369,633,1,0,1,0,0,633
6079,10,10,20,20,10-77,2952,B-C,U,109,122,20,27,2,12,292,454,0,0,2,0,0,454
1602,5,5,5,5,5-81,3023,B-C,U,144,103,2,4,0,0,253,460,0,0,1,0,0,460
3921,13,8,18,13,8-3,2030,B-C,R,175,279,18,0,7,20,499,745,1,0,1,0,1,745
990,3,3,3,4,3-16,1295,B-C,U,193,166,4,7,2,10,382,597,1,0,1,0,0,597
1891,3,3,7,7,3-49,1377,B-C,U,213,226,14,2,0,10,465,696,0,0,1,0,0,696
1998,6,6,21,7,6-42,1531,B-C,U,150,196,17,6,5,6,380,584,1,0,1,0,0,584
981,3,3,3,4,3-8,1289,B-C,U,178,140,11,2,4,8,343,562,1,0,1,0,0,562
3672,15,9,12,12,9-77,1059,B-C,U,170,160,11,3,2,10,356,708,0,1,1,0,0,708
3247,15,9,11,11,9-42,972,B-C,U,143,187,10,1,3,14,358,518,1,0,1,0,0,518
2272,4,4,8,8,4-57,864,B-C,U,121,96,19,4,4,11,255,426,0,0,1,0,0,426
4174,8,8,14,14,8-85,2158,B-C,U,136,181,18,11,3,19,368,553,0,0,2,0,0,553
6488,14,14,22,22,14-7,68,B-C,U,76,130,26,8,2,16,258,402,0,0,2,0,0,402
2997,7,7,10,10,7-34,2454,B-C,U,96,236,1,1,0,5,339,528,1,0,1,0,0,528
804,5,5,7,3,5-36,1736,B-C,U,142,121,9,5,0,7,284,416,0,0,1,0,0,416
4753,12,12,16,16,12-30,372,B-C,U,137,169,37,2,7,12,364,557,1,0,2,0,0,557
4478,12,13,15,15,13-1,436,B-C,U,148,227,33,8,5,12,433,584,1,0,2,0,0,584
1549,5,6,6,5,6-81,1851,B-C,U,201,191,4,4,1,16,417,655,1,0,1,0,0,655
2385,4,4,8,8,4-85,911,B-C,R,108,119,12,1,3,22,265,531,1,0,1,0,1,531
5194,2,2,17,17,2-63,620,B-C,M,83,131,3,1,3,7,228,518,1,0,2,0,0,518
5433,7,11,18,18,11-40,1918,B-C,U,124,167,6,2,0,0,299,446,0,0,1,0,0,446
1890,3,3,7,7,3-48,1376,B-C,U,184,187,13,1,1,5,391,646,0,0,1,0,0,646
2552,2,2,9,9,2-8,152,B-C,U,95,130,9,1,3,11,249,391,0,0,2,0,0,391
4991,14,14,22,17,14-38,247,B-C,U,68,116,12,2,98,29,325,529,1,0,2,0,0,529
4133,8,8,14,14,8-80,2123,B-C,U,155,158,15,12,3,6,349,451,0,0,2,0,0,451
3294,15,9,12,11,9-66,1035,B-C,U,188,146,22,6,3,11,376,591,1,0,1,0,0,591
5817,13,13,19,19,13-74,2857,B-C,R,45,150,62,3,1,19,280,572,1,0,2,0,1,572
4471,12,12,15,15,12-3,431,B-C,U,137,186,15,5,7,13,363,517,1,0,2,0,0,517
5538,7,11,18,18,11-11,1974,B-C,M,134,146,12,7,2,15,316,606,1,0,1,0,0,606
6550,14,14,22,22,14-25,99,B-C,R,38,100,25,2,3,13,181,551,1,0,2,0,1,551
1084,3,3,3,4,3-11,1329,B-C,U,106,212,2,1,0,6,327,500,1,0,1,0,0,500
5837,13,13,19,19,13-81,2864,B-C,U,28,99,155,5,0,24,311,555,1,0,2,0,0,555
341,2,2,2,2,2-79,2510,B-C,U,195,143,59,9,1,15,422,611,1,0,2,0,0,611
4221,8,8,14,14,8-43,2210,B-C,R,84,166,13,7,2,22,294,500,0,0,2,0,1,500
6286,10,13,19,21,13-41,708,B-C,R,110,162,6,3,1,14,296,552,1,0,2,0,1,552
1423,5,5,7,5,5-59,1791,B-C,U,168,164,7,4,0,15,358,581,1,0,1,0,0,581
6722,14,14,22,22,14-99,1257,B-C,R,88,128,33,0,0,9,258,466,0,0,2,0,1,466
1757,11,6,6,6,6-72,1609,B-C,U,195,187,4,5,4,8,403,658,1,0,1,0,0,658
4172,8,8,14,14,8-83,2156,B-C,U,176,214,17,22,8,26,463,666,0,0,2,0,0,666
5004,14,14,22,17,14-47,252,B-C,M,83,95,15,3,133,27,356,651,1,0,2,0,0,651
3270,15,9,11,11,9-44,1007,B-C,U,141,158,11,5,3,5,323,539,1,0,1,0,0,539
401,2,2,2,2,2-87,2538,B-C,R,155,86,23,2,4,13,283,488,0,0,2,0,1,488
1567,5,5,5,5,5-79,3006,B-C,U,186,129,9,2,3,8,337,590,1,0,1,0,0,590
5672,13,13,19,19,13-44,1182,B-C,U,200,210,18,7,6,9,450,639,1,0,2,0,0,639
238,4,1,1,1,1-75,2414,B-C,R,190,82,23,3,1,31,330,564,1,0,1,0,1,564
2136,11,6,6,7,6-19,1646,B-C,U,143,140,5,0,1,9,298,644,1,0,1,0,0,644
999,6,3,4,4,3-66,1297,B-C,U,197,165,10,2,1,10,385,733,1,0,1,0,0,733
43,1,4,1,1,4-20,786,B-C,R,65,134,6,8,1,23,237,532,1,0,1,0,1,532
